{"cameraMode":{"drawMode":0,"name":"Shaded","section":"Shading Mode"},"sceneLighting":false,"audioPlay":false,"sceneViewState":{"m_AlwaysRefresh":false,"showFog":true,"showSkybox":false,"showFlares":true,"showImageEffects":true,"showParticleSystems":true,"showVisualEffectGraphs":true,"m_FxEnabled":true},"in2DMode":false,"pivot":{"x":0.02536938339471817,"y":1.0254074335098267,"z":0.12662288546562196},"rotation":{"x":0.049690790474414828,"y":0.9491252899169922,"z":-0.19420011341571809,"w":0.24285709857940675},"size":2.008796215057373,"orthographic":true}